,CV,CV,CV,CV,Mean Probability,Mean Probability,Mean Probability,Mean Probability,Std Dev,Std Dev,Std Dev,Std Dev
Strategy,Adaptation u_3,Double measure,Double measure Bayesian,No adaptation,Adaptation u_3,Double measure,Double measure Bayesian,No adaptation,Adaptation u_3,Double measure,Double measure Bayesian,No adaptation
k,,,,,,,,,,,,
0.95,0.16888,0.14473,0.15211,0.12983,0.01516,0.01443,0.01449,0.04864,0.00256,0.00209,0.0022,0.00632
0.97,0.17088,0.17434,0.18034,0.13509,0.0149,0.01537,0.01517,0.05298,0.00255,0.00268,0.00274,0.00716
0.99,0.22044,0.22183,0.19644,0.15027,0.01517,0.01517,0.01548,0.05715,0.00334,0.00337,0.00304,0.00859
1.01,0.22949,0.23134,0.20783,0.15768,0.0222,0.02181,0.02244,0.08037,0.00509,0.00505,0.00466,0.01267
1.03,0.16993,0.17448,0.15893,0.13903,0.04158,0.04168,0.04255,0.13887,0.00707,0.00727,0.00676,0.01931
1.05,0.15901,0.18347,0.16028,0.1418,0.05821,0.05786,0.05615,0.20346,0.00926,0.01062,0.009,0.02885
